손님,직원
예약,중식당
중식당,중식당 예약 주문 시작
중식당 예약 주문 시작,안녕하세요 차이나게이트 입니다.
아 여보세요. 수요일 오후 12시 30분로 예약 하려는데 가능한가요?,말하신 시간은 예약이 다 차서 어렵습니다. 다른 시간으로 예약 도와드릴까요?
어. 혹시 오후 12시 30분가 가능할까요?,"네, 인원을 알려주세요."
2명이에요.,확인했습니다. 수요일 2시 10분 2명으로 예약했습니다.
네 맞아요. 감사합니다.,네. 예약해주셔서 감사합니다.
예약,중식당
중식당,중식당 예약 주문 시작
중식당 예약 주문 시작,안녕하세요. 무엇을 도와드릴까요?
안녕하세요. 일요일 1시 40분로 식당 예약 가능한가요?,말하신 시간은 예약이 다 차서 어렵습니다. 다른 시간으로 예약 도와드릴까요?
그럼 오후 11시 10분 가능할까요?,네 알겠습니다. 인원을 알려주시겠어요?
총 2명입니다.,알겠습니다. 수요일 5시 30분 2명으로 예약 도와드리겠습니다.
네 맞습니다.,예약 완료 되었습니다. 예약 해주셔서 감사합니다.
예약,중식당
중식당,중식당 예약 주문 시작
중식당 예약 주문 시작,안녕하세요. 차이나게이트 입니다. 무엇을 도와드릴까요?
안녕하세요. 일요일 오후 11시 10분로 예약 가능한가요?,"오후 11시 10분은 이미 예약되어있어, 다른 시간을 알려주시겠어요?"
그렇군요. 그럼 오후 12시 30분로 바꿀게요.,인원도 알려주세요.
4명이에요.,확인했습니다. 수요일 오후 11시 10분 4명으로 예약했습니다.
맞아요. 감사합니다.,예약 완료 되었습니다. 예약 해주셔서 감사합니다.
예약,중식당
중식당,중식당 예약 주문 시작
중식당 예약 주문 시작,네 차이나게이트 입니다. 예약 도와드릴까요?
목요일 8시 10분로 예약 하려구요.,말하신 시간은 예약이 다 차서 어렵습니다. 다른 시간으로 예약 도와드릴까요?
그럼 1시 40분 가능할까요?,네. 인원도 알려주세요.
4명 입니다.,네. 확인하번 부탁드립니다. 목요일 1시 40분 4명 맞으실까요?
맞아요. 감사합니다.,예약해주셔서 감사합니다.
예약,중식당
중식당,중식당 예약 주문 시작
중식당 예약 주문 시작,네 차이나게이트 입니다. 예약 도와드릴까요?
여보세요. 수요일 2시 10분로 식당 예약 하려고 하는데 가능할가요?,말하신 시간은 예약이 다 차서 어렵습니다. 다른 시간으로 예약 도와드릴까요?
그럼 5시 30분로 변경할게요.,인원도 알려주세요.
총 4명입니다.,확인했습니다. 일요일 오후 12시 30분 4명으로 예약했습니다.
네 맞습니다. 감사합니다.,예약해주셔서 감사합니다.
예약,중식당
중식당,중식당 예약 주문 시작
중식당 예약 주문 시작,안녕하세요. 예약 도와드릴까요?
아 여보세요. 토요일 오후 2시 50분로 식당 예약 가능한가요?,말하신 시간은 예약이 다 차서 어렵습니다. 다른 시간으로 예약 도와드릴까요?
그럼 8시 10분로 변경할게요.,네. 인원도 알려주세요.
4명 입니다.,네. 확인하번 부탁드립니다. 토요일 오후 2시 50분 4명 맞으실까요?
네 맞습니다. 감사합니다.,네 감사합니다.
예약,중식당
중식당,중식당 예약 주문 시작
중식당 예약 주문 시작,안녕하세요. 무엇을 도와드릴까요?
아 여보세요. 수요일 2시 10분로 예약 하려는데 가능한가요?,2시 10분는 이미 예약되어있습니다. 다른 시간을 알려주시겠어요?
어. 혹시 오후 11시 10분가 가능할까요?,"네, 오후 11시 10분고, 인원은 어떻게 되실까요?"
5명이요.,확인했습니다. 수요일 2시 10분 5명으로 예약했습니다.
맞아요. 감사합니다.,확인했습니다. 예약해주셔서 감사합니다.
예약,중식당
중식당,중식당 예약 주문 시작
중식당 예약 주문 시작,네 차이나게이트 입니다. 예약 도와드릴까요?
목요일 오후 1시 20분로 예약 가능할까요?,기다려 주셔서 감사합니다. 확인해 보니 해당 시간은 예약이 어렵습니다. 다른 시간으로 예약을 도와드릴까요?
오후 11시 10분로 바꿀게요.,"네, 인원을 알려주세요."
2명이에요.,알겠습니다. 목요일 오후 11시 10분 2명으로 예약 도와드리겠습니다.
네 맞습니다. 감사합니다.,네. 예약해주셔서 감사합니다.
예약,중식당
중식당,중식당 예약 주문 시작
중식당 예약 주문 시작,네. 무엇을 도와드릴까요?
여보세요. 토요일 오후 11시 10분로 식당 예약 가능한가요?,"오후 11시 10분은 이미 예약되어있어, 다른 시간을 알려주시겠어요?"
그렇군요. 그럼 오후 2시 50분로 바꿀게요.,네 알겠습니다. 인원을 알려주시겠어요?
4명이에요.,네. 확인하번 부탁드립니다. 토요일 오후 1시 20분 4명 맞으실까요?
맞아요. 감사합니다.,예약 완료 되었습니다. 예약 해주셔서 감사합니다.
예약,중식당
중식당,중식당 예약 주문 시작
중식당 예약 주문 시작,안녕하세요. 차이나게이트 입니다. 무엇을 도와드릴까요?
여보세요. 수요일 5시 30분로 예약 하려는데 가능한가요?,5시 30분는 이미 예약되어있습니다. 다른 시간을 알려주시겠어요?
그럼 8시 10분로 변경할게요.,"네, 인원을 알려주세요."
2명이에요.,확인했습니다. 토요일 5시 30분 2명으로 예약했습니다.
네 맞습니다. 감사합니다.,예약해주셔서 감사합니다.
예약,중식당
중식당,중식당 예약 주문 시작
중식당 예약 주문 시작,안녕하세요 차이나게이트 입니다.
아 여보세요. 일요일 5시 30분로 예약 가능한가요?,"5시 30분은 이미 예약되어있어, 다른 시간을 알려주시겠어요?"
그럼 1시 40분 가능할까요?,네. 인원도 알려주세요.
5명 입니다.,네. 확인하번 부탁드립니다. 목요일 오후 2시 50분 5명 맞으실까요?
네 맞습니다.,네 감사합니다.
예약,중식당
중식당,중식당 예약 주문 시작
중식당 예약 주문 시작,네. 무엇을 도와드릴까요?
안녕하세요. 일요일 오후 2시 50분로 식당 예약 가능한가요?,오후 2시 50분는 이미 예약되어있습니다. 다른 시간을 알려주시겠어요?
그럼 오후 12시 30분로 변경할게요.,인원도 알려주세요.
4명이요.,알겠습니다. 토요일 8시 10분 4명으로 예약 도와드리겠습니다.
맞아요. 감사합니다.,예약해주셔서 감사합니다.
예약,중식당
중식당,중식당 예약 주문 시작
중식당 예약 주문 시작,네 차이나게이트 입니다. 예약 도와드릴까요?
여보세요. 수요일 오후 1시 20분로 혹시 예약 가능한가요?,오후 1시 20분는 이미 예약되어있습니다. 다른 시간을 알려주시겠어요?
그럼 오후 12시 30분 가능할까요?,"오후 12시 30분고, 인원을 알려주세요."
총 5명입니다.,네. 확인하번 부탁드립니다. 일요일 5시 30분 5명 맞으실까요?
네 맞습니다. 감사합니다.,확인했습니다. 예약해주셔서 감사합니다.
예약,중식당
중식당,중식당 예약 주문 시작
중식당 예약 주문 시작,안녕하세요 차이나게이트 입니다.
안녕하세요. 수요일 오후 1시 20분로 예약 가능한가요?,기다려 주셔서 감사합니다. 확인해 보니 해당 시간은 예약이 어렵습니다. 다른 시간으로 예약을 도와드릴까요?
오후 2시 50분로 바꿀게요.,네 알겠습니다. 인원을 알려주시겠어요?
2명이에요.,알겠습니다. 목요일 1시 40분 2명으로 예약 도와드리겠습니다.
네 맞아요. 감사합니다.,확인했습니다. 예약해주셔서 감사합니다.
예약,중식당
중식당,중식당 예약 주문 시작
중식당 예약 주문 시작,네 차이나게이트 입니다. 예약 도와드릴까요?
수요일 오후 12시 30분 식당 예약 가능한가요?,오후 12시 30분는 이미 예약되어있습니다. 다른 시간을 알려주시겠어요?
오후 12시 30분로 바꿀게요.,"네, 오후 12시 30분고, 인원은 어떻게 되실까요?"
5명이에요.,확인했습니다. 일요일 오후 12시 30분 5명으로 예약했습니다.
네 맞습니다. 감사합니다.,예약 완료 되었습니다. 예약 해주셔서 감사합니다.
예약,중식당
중식당,중식당 예약 주문 시작
중식당 예약 주문 시작,안녕하세요. 무엇을 도와드릴까요?
아 여보세요. 수요일 1시 40분로 예약 가능한가요?,"1시 40분은 이미 예약되어있어, 다른 시간을 알려주시겠어요?"
8시 10분로 바꿀게요.,"네, 인원을 알려주세요."
총 5명입니다.,네. 확인하번 부탁드립니다. 일요일 8시 10분 5명 맞으실까요?
네 맞아요. 감사합니다.,네. 예약해주셔서 감사합니다.
예약,중식당
중식당,중식당 예약 주문 시작
중식당 예약 주문 시작,안녕하세요. 예약 도와드릴까요?
아 여보세요. 목요일 8시 10분로 예약 가능한가요?,"8시 10분은 이미 예약되어있어, 다른 시간을 알려주시겠어요?"
그렇군요. 그럼 8시 10분로 할게요.,인원도 알려주세요.
4명이에요.,네. 확인하번 부탁드립니다. 일요일 5시 30분 4명 맞으실까요?
맞아요. 감사합니다.,확인했습니다. 예약해주셔서 감사합니다.
예약,중식당
중식당,중식당 예약 주문 시작
중식당 예약 주문 시작,안녕하세요 차이나게이트 입니다.
여보세요. 목요일 오후 1시 20분로 예약 가능한가요?,기다려 주셔서 감사합니다. 확인해 보니 해당 시간은 예약이 어렵습니다. 다른 시간으로 예약을 도와드릴까요?
오후 1시 20분로 바꿀게요.,"오후 1시 20분고, 인원을 알려주세요."
5명 입니다.,확인했습니다. 토요일 1시 40분 5명으로 예약했습니다.
네 맞습니다.,네 감사합니다.
예약,중식당
중식당,중식당 예약 주문 시작
중식당 예약 주문 시작,안녕하세요. 예약 도와드릴까요?
아 여보세요. 혹시 일요일 1시 40분로 예약 가능한가요?,기다려 주셔서 감사합니다. 확인해 보니 해당 시간은 예약이 어렵습니다. 다른 시간으로 예약을 도와드릴까요?
그럼 오후 11시 10분 가능할까요?,"오후 11시 10분고, 인원을 알려주세요."
5명이요.,알겠습니다. 목요일 오후 12시 30분 5명으로 예약 도와드리겠습니다.
네 맞아요. 감사합니다.,예약 완료 되었습니다. 예약 해주셔서 감사합니다.
예약,중식당
중식당,중식당 예약 주문 시작
중식당 예약 주문 시작,안녕하세요. 무엇을 도와드릴까요?
목요일 5시 30분로 예약하고 싶은데 가능할까요?,기다려 주셔서 감사합니다. 확인해 보니 해당 시간은 예약이 어렵습니다. 다른 시간으로 예약을 도와드릴까요?
어. 혹시 오후 11시 10분가 가능할까요?,"네, 오후 11시 10분고, 인원은 어떻게 되실까요?"
5명이요.,알겠습니다. 일요일 오후 11시 10분 5명으로 예약 도와드리겠습니다.
네 맞습니다. 감사합니다.,예약 완료 되었습니다. 예약 해주셔서 감사합니다.
예약,중식당
중식당,중식당 예약 주문 시작
중식당 예약 주문 시작,네. 무엇을 도와드릴까요?
아 여보세요. 목요일 1시 40분로 예약 하려는데 가능한가요?,1시 40분는 이미 예약되어있습니다. 다른 시간을 알려주시겠어요?
그렇군요. 그럼 1시 40분로 할게요.,인원도 알려주세요.
2명 입니다.,알겠습니다. 토요일 오후 1시 20분 2명으로 예약 도와드리겠습니다.
네 맞습니다.,네. 예약해주셔서 감사합니다.
예약,중식당
중식당,중식당 예약 주문 시작
중식당 예약 주문 시작,안녕하세요. 차이나게이트 입니다. 무엇을 도와드릴까요?
토요일 오후 11시 10분로 예약 하려구요.,"오후 11시 10분은 이미 예약되어있어, 다른 시간을 알려주시겠어요?"
그럼 2시 10분로 변경할게요.,인원도 알려주세요.
총 4명입니다.,알겠습니다. 목요일 1시 40분 4명으로 예약 도와드리겠습니다.
네 맞아요. 감사합니다.,네 감사합니다.
예약,중식당
중식당,중식당 예약 주문 시작
중식당 예약 주문 시작,네 차이나게이트 입니다. 예약 도와드릴까요?
아 여보세요. 목요일 2시 10분로 식당 예약 하려고 하는데 가능할가요?,2시 10분는 이미 예약되어있습니다. 다른 시간을 알려주시겠어요?
5시 30분로 바꿀게요.,"네, 인원을 알려주세요."
5명이요.,알겠습니다. 일요일 오후 11시 10분 5명으로 예약 도와드리겠습니다.
맞아요. 감사합니다.,확인했습니다. 예약해주셔서 감사합니다.
예약,중식당
중식당,중식당 예약 주문 시작
중식당 예약 주문 시작,안녕하세요 차이나게이트 입니다.
아 여보세요. 혹시 일요일 5시 30분로 예약 가능한가요?,5시 30분는 이미 예약되어있습니다. 다른 시간을 알려주시겠어요?
그렇군요. 그럼 5시 30분로 할게요.,인원도 알려주세요.
총 5명입니다.,알겠습니다. 수요일 오후 1시 20분 5명으로 예약 도와드리겠습니다.
네 맞아요. 감사합니다.,예약해주셔서 감사합니다.
예약,중식당
중식당,중식당 예약 주문 시작
중식당 예약 주문 시작,네 차이나게이트 입니다. 예약 도와드릴까요?
안녕하세요. 목요일 오후 11시 10분로 식당 예약 가능한가요?,말하신 시간은 예약이 다 차서 어렵습니다. 다른 시간으로 예약 도와드릴까요?
그렇군요. 그럼 8시 10분로 바꿀게요.,"네, 인원을 알려주세요."
2명 입니다.,확인했습니다. 수요일 2시 10분 2명으로 예약했습니다.
네 맞습니다. 감사합니다.,예약 완료 되었습니다. 예약 해주셔서 감사합니다.
예약,중식당
중식당,중식당 예약 주문 시작
중식당 예약 주문 시작,안녕하세요. 무엇을 도와드릴까요?
아 여보세요. 혹시 토요일 5시 30분로 예약 가능한가요?,말하신 시간은 예약이 다 차서 어렵습니다. 다른 시간으로 예약 도와드릴까요?
그렇군요. 그럼 오후 1시 20분로 바꿀게요.,"네, 오후 1시 20분고, 인원은 어떻게 되실까요?"
2명 입니다.,네. 확인하번 부탁드립니다. 일요일 1시 40분 2명 맞으실까요?
네 맞습니다. 감사합니다.,확인했습니다. 예약해주셔서 감사합니다.
예약,중식당
중식당,중식당 예약 주문 시작
중식당 예약 주문 시작,네. 무엇을 도와드릴까요?
아 여보세요. 수요일 2시 10분로 예약 가능한가요?,2시 10분는 이미 예약되어있습니다. 다른 시간을 알려주시겠어요?
그렇군요. 그럼 오후 12시 30분로 할게요.,"오후 12시 30분고, 인원을 알려주세요."
4명이에요.,네. 확인하번 부탁드립니다. 목요일 5시 30분 4명 맞으실까요?
네 맞습니다.,확인했습니다. 예약해주셔서 감사합니다.
예약,중식당
중식당,중식당 예약 주문 시작
중식당 예약 주문 시작,안녕하세요. 차이나게이트 입니다. 무엇을 도와드릴까요?
수요일 1시 40분로 예약하고 싶은데 가능할까요?,기다려 주셔서 감사합니다. 확인해 보니 해당 시간은 예약이 어렵습니다. 다른 시간으로 예약을 도와드릴까요?
그렇군요. 그럼 오후 11시 10분로 할게요.,"오후 11시 10분고, 인원을 알려주세요."
4명이요.,네. 확인하번 부탁드립니다. 수요일 1시 40분 4명 맞으실까요?
맞아요. 감사합니다.,네. 예약해주셔서 감사합니다.
예약,중식당
중식당,중식당 예약 주문 시작
중식당 예약 주문 시작,네 차이나게이트 입니다. 예약 도와드릴까요?
수요일에 오후 11시 10분 예약 가능한가요?,오후 11시 10분는 이미 예약되어있습니다. 다른 시간을 알려주시겠어요?
그럼 2시 10분 가능할까요?,"네, 2시 10분고, 인원은 어떻게 되실까요?"
2명이요.,확인했습니다. 토요일 8시 10분 2명으로 예약했습니다.
네 맞습니다.,확인했습니다. 예약해주셔서 감사합니다.
예약,중식당
중식당,중식당 예약 주문 시작
중식당 예약 주문 시작,네 차이나게이트 입니다. 예약 도와드릴까요?
여보세요. 수요일 5시 30분로 예약 가능한가요?,5시 30분는 이미 예약되어있습니다. 다른 시간을 알려주시겠어요?
그렇군요. 그럼 5시 30분로 할게요.,"네, 5시 30분고, 인원은 어떻게 되실까요?"
총 2명입니다.,네. 확인하번 부탁드립니다. 일요일 오후 12시 30분 2명 맞으실까요?
네 맞습니다. 감사합니다.,예약해주셔서 감사합니다.
예약,중식당
중식당,중식당 예약 주문 시작
중식당 예약 주문 시작,안녕하세요. 무엇을 도와드릴까요?
안녕하세요. 일요일 오후 1시 20분로 식당 예약 가능한가요?,오후 1시 20분는 이미 예약되어있습니다. 다른 시간을 알려주시겠어요?
그렇군요. 그럼 오후 12시 30분로 바꿀게요.,네 알겠습니다. 인원을 알려주시겠어요?
5명이에요.,알겠습니다. 수요일 8시 10분 5명으로 예약 도와드리겠습니다.
네 맞습니다.,네. 예약해주셔서 감사합니다.
예약,중식당
중식당,중식당 예약 주문 시작
중식당 예약 주문 시작,안녕하세요. 차이나게이트 입니다. 무엇을 도와드릴까요?
토요일 오후 12시 30분 식당 예약 가능한가요?,기다려 주셔서 감사합니다. 확인해 보니 해당 시간은 예약이 어렵습니다. 다른 시간으로 예약을 도와드릴까요?
그럼 1시 40분로 변경할게요.,"1시 40분고, 인원을 알려주세요."
4명이에요.,확인했습니다. 목요일 오후 1시 20분 4명으로 예약했습니다.
네 맞아요. 감사합니다.,네. 예약해주셔서 감사합니다.
예약,중식당
중식당,중식당 예약 주문 시작
중식당 예약 주문 시작,안녕하세요 차이나게이트 입니다.
수요일 5시 30분로 예약을 하고 싶은데 가능할까요?,기다려 주셔서 감사합니다. 확인해 보니 해당 시간은 예약이 어렵습니다. 다른 시간으로 예약을 도와드릴까요?
그럼 5시 30분로 변경할게요.,"5시 30분고, 인원을 알려주세요."
4명이요.,확인했습니다. 수요일 오후 11시 10분 4명으로 예약했습니다.
맞아요. 감사합니다.,네. 예약해주셔서 감사합니다.
예약,중식당
중식당,중식당 예약 주문 시작
중식당 예약 주문 시작,네 차이나게이트 입니다. 예약 도와드릴까요?
여보세요. 토요일 2시 10분로 혹시 예약 가능한가요?,기다려 주셔서 감사합니다. 확인해 보니 해당 시간은 예약이 어렵습니다. 다른 시간으로 예약을 도와드릴까요?
그럼 오후 1시 20분로 변경할게요.,"오후 1시 20분고, 인원을 알려주세요."
4명 입니다.,네. 확인하번 부탁드립니다. 수요일 오후 12시 30분 4명 맞으실까요?
네 맞습니다.,네 감사합니다.
예약,중식당
중식당,중식당 예약 주문 시작
중식당 예약 주문 시작,안녕하세요. 차이나게이트 입니다. 무엇을 도와드릴까요?
여보세요. 목요일 1시 40분로 예약 하려는데 가능한가요?,1시 40분는 이미 예약되어있습니다. 다른 시간을 알려주시겠어요?
그럼 8시 10분로 변경할게요.,"8시 10분고, 인원을 알려주세요."
5명이에요.,네. 확인하번 부탁드립니다. 수요일 5시 30분 5명 맞으실까요?
맞아요. 감사합니다.,확인했습니다. 예약해주셔서 감사합니다.
예약,중식당
중식당,중식당 예약 주문 시작
중식당 예약 주문 시작,네 차이나게이트 입니다. 예약 도와드릴까요?
아 여보세요. 일요일 오후 2시 50분로 식당 예약 가능한가요?,말하신 시간은 예약이 다 차서 어렵습니다. 다른 시간으로 예약 도와드릴까요?
그렇군요. 그럼 오후 1시 20분로 할게요.,인원도 알려주세요.
5명 입니다.,확인했습니다. 토요일 2시 10분 5명으로 예약했습니다.
네 맞아요. 감사합니다.,예약 완료 되었습니다. 예약 해주셔서 감사합니다.
예약,중식당
중식당,중식당 예약 주문 시작
중식당 예약 주문 시작,네. 무엇을 도와드릴까요?
안녕하세요. 수요일 오후 12시 30분로 식당 예약 하려고 하는데,말하신 시간은 예약이 다 차서 어렵습니다. 다른 시간으로 예약 도와드릴까요?
어. 혹시 오후 11시 10분가 가능할까요?,인원도 알려주세요.
5명이요.,알겠습니다. 일요일 오후 1시 20분 5명으로 예약 도와드리겠습니다.
맞아요. 감사합니다.,네. 예약해주셔서 감사합니다.
예약,중식당
중식당,중식당 예약 주문 시작
중식당 예약 주문 시작,안녕하세요 차이나게이트 입니다.
여보세요. 목요일 오후 1시 20분로 식당 예약 가능한가요?,말하신 시간은 예약이 다 차서 어렵습니다. 다른 시간으로 예약 도와드릴까요?
그렇군요. 그럼 2시 10분로 바꿀게요.,인원도 알려주세요.
2명이요.,네. 확인하번 부탁드립니다. 수요일 2시 10분 2명 맞으실까요?
네 맞습니다.,예약 완료 되었습니다. 예약 해주셔서 감사합니다.
예약,중식당
중식당,중식당 예약 주문 시작
중식당 예약 주문 시작,네. 무엇을 도와드릴까요?
토요일 8시 10분 식당 예약 가능한가요?,기다려 주셔서 감사합니다. 확인해 보니 해당 시간은 예약이 어렵습니다. 다른 시간으로 예약을 도와드릴까요?
그럼 2시 10분 가능할까요?,"네, 2시 10분고, 인원은 어떻게 되실까요?"
4명 입니다.,알겠습니다. 토요일 5시 30분 4명으로 예약 도와드리겠습니다.
네 맞아요. 감사합니다.,네. 예약해주셔서 감사합니다.
예약,중식당
중식당,중식당 예약 주문 시작
중식당 예약 주문 시작,안녕하세요. 예약 도와드릴까요?
아 여보세요. 토요일 오후 11시 10분로 식당 예약 하려고 하는데 가능할가요?,말하신 시간은 예약이 다 차서 어렵습니다. 다른 시간으로 예약 도와드릴까요?
그럼 오후 12시 30분 가능할까요?,"네, 인원을 알려주세요."
4명 입니다.,알겠습니다. 목요일 1시 40분 4명으로 예약 도와드리겠습니다.
맞아요. 감사합니다.,네. 예약해주셔서 감사합니다.
예약,중식당
중식당,중식당 예약 주문 시작
중식당 예약 주문 시작,네. 무엇을 도와드릴까요?
여보세요. 수요일 오후 2시 50분로 혹시 예약 가능한가요?,오후 2시 50분는 이미 예약되어있습니다. 다른 시간을 알려주시겠어요?
그렇군요. 그럼 오후 1시 20분로 할게요.,네 알겠습니다. 인원을 알려주시겠어요?
2명이에요.,알겠습니다. 수요일 5시 30분 2명으로 예약 도와드리겠습니다.
맞아요. 감사합니다.,네. 예약해주셔서 감사합니다.
예약,중식당
중식당,중식당 예약 주문 시작
중식당 예약 주문 시작,안녕하세요. 무엇을 도와드릴까요?
혹시 일요일에 2시 10분 예약 가능한가요?,2시 10분는 이미 예약되어있습니다. 다른 시간을 알려주시겠어요?
그렇군요. 그럼 8시 10분로 할게요.,네. 인원도 알려주세요.
4명 입니다.,확인했습니다. 수요일 오후 2시 50분 4명으로 예약했습니다.
맞아요. 감사합니다.,예약해주셔서 감사합니다.
예약,중식당
중식당,중식당 예약 주문 시작
중식당 예약 주문 시작,안녕하세요. 예약 도와드릴까요?
여보세요. 토요일 오후 2시 50분로 예약 가능한가요?,말하신 시간은 예약이 다 차서 어렵습니다. 다른 시간으로 예약 도와드릴까요?
그렇군요. 그럼 1시 40분로 할게요.,"네, 1시 40분고, 인원은 어떻게 되실까요?"
총 5명입니다.,확인했습니다. 토요일 오후 12시 30분 5명으로 예약했습니다.
네 맞습니다. 감사합니다.,네. 예약해주셔서 감사합니다.
예약,중식당
중식당,중식당 예약 주문 시작
중식당 예약 주문 시작,안녕하세요. 무엇을 도와드릴까요?
수요일 1시 40분로 예약을 하고 싶은데 가능할까요?,말하신 시간은 예약이 다 차서 어렵습니다. 다른 시간으로 예약 도와드릴까요?
그럼 8시 10분 가능할까요?,네. 인원도 알려주세요.
총 4명입니다.,네. 확인하번 부탁드립니다. 수요일 오후 12시 30분 4명 맞으실까요?
네 맞습니다. 감사합니다.,네. 예약해주셔서 감사합니다.
예약,중식당
중식당,중식당 예약 주문 시작
중식당 예약 주문 시작,안녕하세요. 예약 도와드릴까요?
목요일 2시 10분로 예약을 하고 싶은데 가능할까요?,"2시 10분은 이미 예약되어있어, 다른 시간을 알려주시겠어요?"
그렇군요. 그럼 오후 2시 50분로 바꿀게요.,네 알겠습니다. 인원을 알려주시겠어요?
4명 입니다.,네. 확인하번 부탁드립니다. 일요일 오후 1시 20분 4명 맞으실까요?
네 맞습니다. 감사합니다.,확인했습니다. 예약해주셔서 감사합니다.
예약,중식당
중식당,중식당 예약 주문 시작
중식당 예약 주문 시작,네 차이나게이트 입니다. 예약 도와드릴까요?
아 여보세요. 일요일 오후 2시 50분로 식당 예약 가능한가요?,오후 2시 50분는 이미 예약되어있습니다. 다른 시간을 알려주시겠어요?
그럼 오후 12시 30분 가능할까요?,네 알겠습니다. 인원을 알려주시겠어요?
2명이요.,알겠습니다. 일요일 1시 40분 2명으로 예약 도와드리겠습니다.
네 맞아요. 감사합니다.,네 감사합니다.
예약,중식당
중식당,중식당 예약 주문 시작
중식당 예약 주문 시작,네 차이나게이트 입니다. 예약 도와드릴까요?
안녕하세요. 목요일 2시 10분로 식당 예약 하려고 하는데,말하신 시간은 예약이 다 차서 어렵습니다. 다른 시간으로 예약 도와드릴까요?
그렇군요. 그럼 8시 10분로 바꿀게요.,"8시 10분고, 인원을 알려주세요."
5명 입니다.,알겠습니다. 일요일 8시 10분 5명으로 예약 도와드리겠습니다.
네 맞습니다. 감사합니다.,확인했습니다. 예약해주셔서 감사합니다.
예약,중식당
중식당,중식당 예약 주문 시작
중식당 예약 주문 시작,네. 무엇을 도와드릴까요?
토요일 오후 2시 50분 식당 예약 가능한가요?,말하신 시간은 예약이 다 차서 어렵습니다. 다른 시간으로 예약 도와드릴까요?
그럼 오후 1시 20분로 변경할게요.,"오후 1시 20분고, 인원을 알려주세요."
2명이에요.,네. 확인하번 부탁드립니다. 일요일 오후 1시 20분 2명 맞으실까요?
네 맞습니다. 감사합니다.,네 감사합니다.
예약,중식당
중식당,중식당 예약 주문 시작
중식당 예약 주문 시작,안녕하세요. 차이나게이트 입니다. 무엇을 도와드릴까요?
여보세요. 목요일 오후 11시 10분로 예약 가능한가요?,기다려 주셔서 감사합니다. 확인해 보니 해당 시간은 예약이 어렵습니다. 다른 시간으로 예약을 도와드릴까요?
오후 2시 50분로 바꿀게요.,네. 인원도 알려주세요.
총 2명입니다.,확인했습니다. 토요일 8시 10분 2명으로 예약했습니다.
네 맞습니다.,예약해주셔서 감사합니다.
예약,중식당
중식당,중식당 예약 주문 시작
중식당 예약 주문 시작,네. 무엇을 도와드릴까요?
아 여보세요. 일요일 오후 12시 30분로 식당 예약 가능한가요?,"오후 12시 30분은 이미 예약되어있어, 다른 시간을 알려주시겠어요?"
그렇군요. 그럼 오후 2시 50분로 바꿀게요.,"네, 인원을 알려주세요."
5명이에요.,알겠습니다. 목요일 오후 11시 10분 5명으로 예약 도와드리겠습니다.
맞아요. 감사합니다.,확인했습니다. 예약해주셔서 감사합니다.
예약,막창
막창,막창 예약 주문 시작
막창 예약 주문 시작,안녕하세요 꼴두바우 입니다.
아 여보세요. 토요일 오후 2시 50분로 예약 하려는데 가능한가요?,말하신 시간은 예약이 다 차서 어렵습니다. 다른 시간으로 예약 도와드릴까요?
어. 혹시 1시 40분가 가능할까요?,"네, 인원을 알려주세요."
2명이에요.,확인했습니다. 수요일 5시 30분 2명으로 예약했습니다.
네 맞아요. 감사합니다.,네. 예약해주셔서 감사합니다.
예약,막창
막창,막창 예약 주문 시작
막창 예약 주문 시작,안녕하세요. 무엇을 도와드릴까요?
안녕하세요. 목요일 오후 12시 30분로 식당 예약 가능한가요?,말하신 시간은 예약이 다 차서 어렵습니다. 다른 시간으로 예약 도와드릴까요?
그럼 오후 1시 20분 가능할까요?,네 알겠습니다. 인원을 알려주시겠어요?
총 2명입니다.,알겠습니다. 일요일 오후 11시 10분 2명으로 예약 도와드리겠습니다.
네 맞습니다.,예약 완료 되었습니다. 예약 해주셔서 감사합니다.
예약,막창
막창,막창 예약 주문 시작
막창 예약 주문 시작,안녕하세요. 꼴두바우 입니다. 무엇을 도와드릴까요?
안녕하세요. 목요일 8시 10분로 예약 가능한가요?,"8시 10분은 이미 예약되어있어, 다른 시간을 알려주시겠어요?"
그렇군요. 그럼 1시 40분로 바꿀게요.,인원도 알려주세요.
4명이에요.,확인했습니다. 일요일 오후 1시 20분 4명으로 예약했습니다.
맞아요. 감사합니다.,예약 완료 되었습니다. 예약 해주셔서 감사합니다.
예약,막창
막창,막창 예약 주문 시작
막창 예약 주문 시작,네 꼴두바우 입니다. 예약 도와드릴까요?
토요일 오후 11시 10분로 예약 하려구요.,말하신 시간은 예약이 다 차서 어렵습니다. 다른 시간으로 예약 도와드릴까요?
그럼 오후 2시 50분 가능할까요?,네. 인원도 알려주세요.
4명 입니다.,네. 확인하번 부탁드립니다. 목요일 5시 30분 4명 맞으실까요?
맞아요. 감사합니다.,예약해주셔서 감사합니다.
예약,막창
막창,막창 예약 주문 시작
막창 예약 주문 시작,네 꼴두바우 입니다. 예약 도와드릴까요?
여보세요. 일요일 오후 2시 50분로 식당 예약 하려고 하는데 가능할가요?,말하신 시간은 예약이 다 차서 어렵습니다. 다른 시간으로 예약 도와드릴까요?
그럼 1시 40분로 변경할게요.,인원도 알려주세요.
총 5명입니다.,확인했습니다. 목요일 오후 11시 10분 5명으로 예약했습니다.
네 맞습니다. 감사합니다.,예약해주셔서 감사합니다.
예약,막창
막창,막창 예약 주문 시작
막창 예약 주문 시작,안녕하세요. 예약 도와드릴까요?
아 여보세요. 수요일 오후 11시 10분로 식당 예약 가능한가요?,말하신 시간은 예약이 다 차서 어렵습니다. 다른 시간으로 예약 도와드릴까요?
그럼 8시 10분로 변경할게요.,네. 인원도 알려주세요.
2명 입니다.,네. 확인하번 부탁드립니다. 목요일 오후 1시 20분 2명 맞으실까요?
네 맞습니다. 감사합니다.,네 감사합니다.
예약,막창
막창,막창 예약 주문 시작
막창 예약 주문 시작,안녕하세요. 무엇을 도와드릴까요?
아 여보세요. 목요일 오후 1시 20분로 예약 하려는데 가능한가요?,오후 1시 20분는 이미 예약되어있습니다. 다른 시간을 알려주시겠어요?
어. 혹시 1시 40분가 가능할까요?,"네, 1시 40분고, 인원은 어떻게 되실까요?"
4명이요.,확인했습니다. 수요일 오후 12시 30분 4명으로 예약했습니다.
맞아요. 감사합니다.,확인했습니다. 예약해주셔서 감사합니다.
예약,막창
막창,막창 예약 주문 시작
막창 예약 주문 시작,네 꼴두바우 입니다. 예약 도와드릴까요?
토요일 오후 11시 10분로 예약 가능할까요?,기다려 주셔서 감사합니다. 확인해 보니 해당 시간은 예약이 어렵습니다. 다른 시간으로 예약을 도와드릴까요?
8시 10분로 바꿀게요.,"네, 인원을 알려주세요."
2명이에요.,알겠습니다. 수요일 오후 12시 30분 2명으로 예약 도와드리겠습니다.
네 맞습니다. 감사합니다.,네. 예약해주셔서 감사합니다.
예약,막창
막창,막창 예약 주문 시작
막창 예약 주문 시작,네. 무엇을 도와드릴까요?
여보세요. 토요일 오후 11시 10분로 식당 예약 가능한가요?,"오후 11시 10분은 이미 예약되어있어, 다른 시간을 알려주시겠어요?"
그렇군요. 그럼 오후 12시 30분로 바꿀게요.,네 알겠습니다. 인원을 알려주시겠어요?
5명이에요.,네. 확인하번 부탁드립니다. 토요일 오후 1시 20분 5명 맞으실까요?
맞아요. 감사합니다.,예약 완료 되었습니다. 예약 해주셔서 감사합니다.
예약,막창
막창,막창 예약 주문 시작
막창 예약 주문 시작,안녕하세요. 꼴두바우 입니다. 무엇을 도와드릴까요?
여보세요. 목요일 오후 1시 20분로 예약 하려는데 가능한가요?,오후 1시 20분는 이미 예약되어있습니다. 다른 시간을 알려주시겠어요?
그럼 8시 10분로 변경할게요.,"네, 인원을 알려주세요."
4명이에요.,확인했습니다. 일요일 오후 11시 10분 4명으로 예약했습니다.
네 맞습니다. 감사합니다.,예약해주셔서 감사합니다.
예약,막창
막창,막창 예약 주문 시작
막창 예약 주문 시작,안녕하세요 꼴두바우 입니다.
아 여보세요. 수요일 8시 10분로 예약 가능한가요?,"8시 10분은 이미 예약되어있어, 다른 시간을 알려주시겠어요?"
그럼 5시 30분 가능할까요?,네. 인원도 알려주세요.
4명 입니다.,네. 확인하번 부탁드립니다. 토요일 2시 10분 4명 맞으실까요?
네 맞습니다.,네 감사합니다.
예약,막창
막창,막창 예약 주문 시작
막창 예약 주문 시작,네. 무엇을 도와드릴까요?
안녕하세요. 목요일 1시 40분로 식당 예약 가능한가요?,1시 40분는 이미 예약되어있습니다. 다른 시간을 알려주시겠어요?
그럼 1시 40분로 변경할게요.,인원도 알려주세요.
5명이요.,알겠습니다. 토요일 오후 1시 20분 5명으로 예약 도와드리겠습니다.
맞아요. 감사합니다.,예약해주셔서 감사합니다.
예약,막창
막창,막창 예약 주문 시작
막창 예약 주문 시작,네 꼴두바우 입니다. 예약 도와드릴까요?
여보세요. 목요일 1시 40분로 혹시 예약 가능한가요?,1시 40분는 이미 예약되어있습니다. 다른 시간을 알려주시겠어요?
그럼 오후 2시 50분 가능할까요?,"오후 2시 50분고, 인원을 알려주세요."
총 5명입니다.,네. 확인하번 부탁드립니다. 토요일 8시 10분 5명 맞으실까요?
네 맞습니다. 감사합니다.,확인했습니다. 예약해주셔서 감사합니다.
예약,막창
막창,막창 예약 주문 시작
막창 예약 주문 시작,안녕하세요 꼴두바우 입니다.
안녕하세요. 목요일 오후 1시 20분로 예약 가능한가요?,기다려 주셔서 감사합니다. 확인해 보니 해당 시간은 예약이 어렵습니다. 다른 시간으로 예약을 도와드릴까요?
오후 12시 30분로 바꿀게요.,네 알겠습니다. 인원을 알려주시겠어요?
4명이에요.,알겠습니다. 토요일 1시 40분 4명으로 예약 도와드리겠습니다.
네 맞아요. 감사합니다.,확인했습니다. 예약해주셔서 감사합니다.
예약,막창
막창,막창 예약 주문 시작
막창 예약 주문 시작,네 꼴두바우 입니다. 예약 도와드릴까요?
목요일 오후 1시 20분 식당 예약 가능한가요?,오후 1시 20분는 이미 예약되어있습니다. 다른 시간을 알려주시겠어요?
오후 1시 20분로 바꿀게요.,"네, 오후 1시 20분고, 인원은 어떻게 되실까요?"
4명이에요.,확인했습니다. 목요일 5시 30분 4명으로 예약했습니다.
네 맞습니다. 감사합니다.,예약 완료 되었습니다. 예약 해주셔서 감사합니다.
예약,막창
막창,막창 예약 주문 시작
막창 예약 주문 시작,안녕하세요. 무엇을 도와드릴까요?
아 여보세요. 토요일 8시 10분로 예약 가능한가요?,"8시 10분은 이미 예약되어있어, 다른 시간을 알려주시겠어요?"
8시 10분로 바꿀게요.,"네, 인원을 알려주세요."
총 2명입니다.,네. 확인하번 부탁드립니다. 일요일 오후 12시 30분 2명 맞으실까요?
네 맞아요. 감사합니다.,네. 예약해주셔서 감사합니다.
예약,막창
막창,막창 예약 주문 시작
막창 예약 주문 시작,안녕하세요. 예약 도와드릴까요?
아 여보세요. 목요일 8시 10분로 예약 가능한가요?,"8시 10분은 이미 예약되어있어, 다른 시간을 알려주시겠어요?"
그렇군요. 그럼 오후 11시 10분로 할게요.,인원도 알려주세요.
5명이에요.,네. 확인하번 부탁드립니다. 토요일 8시 10분 5명 맞으실까요?
맞아요. 감사합니다.,확인했습니다. 예약해주셔서 감사합니다.
예약,막창
막창,막창 예약 주문 시작
막창 예약 주문 시작,안녕하세요 꼴두바우 입니다.
여보세요. 수요일 1시 40분로 예약 가능한가요?,기다려 주셔서 감사합니다. 확인해 보니 해당 시간은 예약이 어렵습니다. 다른 시간으로 예약을 도와드릴까요?
8시 10분로 바꿀게요.,"8시 10분고, 인원을 알려주세요."
2명 입니다.,확인했습니다. 목요일 2시 10분 2명으로 예약했습니다.
네 맞습니다.,네 감사합니다.
예약,막창
막창,막창 예약 주문 시작
막창 예약 주문 시작,안녕하세요. 예약 도와드릴까요?
아 여보세요. 혹시 일요일 오후 1시 20분로 예약 가능한가요?,기다려 주셔서 감사합니다. 확인해 보니 해당 시간은 예약이 어렵습니다. 다른 시간으로 예약을 도와드릴까요?
그럼 8시 10분 가능할까요?,"8시 10분고, 인원을 알려주세요."
2명이요.,알겠습니다. 수요일 오후 12시 30분 2명으로 예약 도와드리겠습니다.
네 맞아요. 감사합니다.,예약 완료 되었습니다. 예약 해주셔서 감사합니다.
예약,막창
막창,막창 예약 주문 시작
막창 예약 주문 시작,안녕하세요. 무엇을 도와드릴까요?
토요일 1시 40분로 예약하고 싶은데 가능할까요?,기다려 주셔서 감사합니다. 확인해 보니 해당 시간은 예약이 어렵습니다. 다른 시간으로 예약을 도와드릴까요?
어. 혹시 5시 30분가 가능할까요?,"네, 5시 30분고, 인원은 어떻게 되실까요?"
4명이요.,알겠습니다. 수요일 오후 1시 20분 4명으로 예약 도와드리겠습니다.
네 맞습니다. 감사합니다.,예약 완료 되었습니다. 예약 해주셔서 감사합니다.
예약,막창
막창,막창 예약 주문 시작
막창 예약 주문 시작,네. 무엇을 도와드릴까요?
아 여보세요. 목요일 오후 2시 50분로 예약 하려는데 가능한가요?,오후 2시 50분는 이미 예약되어있습니다. 다른 시간을 알려주시겠어요?
그렇군요. 그럼 5시 30분로 할게요.,인원도 알려주세요.
5명 입니다.,알겠습니다. 목요일 오후 2시 50분 5명으로 예약 도와드리겠습니다.
네 맞습니다.,네. 예약해주셔서 감사합니다.
예약,막창
막창,막창 예약 주문 시작
막창 예약 주문 시작,안녕하세요. 꼴두바우 입니다. 무엇을 도와드릴까요?
목요일 1시 40분로 예약 하려구요.,"1시 40분은 이미 예약되어있어, 다른 시간을 알려주시겠어요?"
그럼 오후 1시 20분로 변경할게요.,인원도 알려주세요.
총 5명입니다.,알겠습니다. 수요일 1시 40분 5명으로 예약 도와드리겠습니다.
네 맞아요. 감사합니다.,네 감사합니다.
예약,막창
막창,막창 예약 주문 시작
막창 예약 주문 시작,네 꼴두바우 입니다. 예약 도와드릴까요?
아 여보세요. 목요일 8시 10분로 식당 예약 하려고 하는데 가능할가요?,8시 10분는 이미 예약되어있습니다. 다른 시간을 알려주시겠어요?
오후 1시 20분로 바꿀게요.,"네, 인원을 알려주세요."
4명이요.,알겠습니다. 일요일 1시 40분 4명으로 예약 도와드리겠습니다.
맞아요. 감사합니다.,확인했습니다. 예약해주셔서 감사합니다.
예약,막창
막창,막창 예약 주문 시작
막창 예약 주문 시작,안녕하세요 꼴두바우 입니다.
아 여보세요. 혹시 목요일 5시 30분로 예약 가능한가요?,5시 30분는 이미 예약되어있습니다. 다른 시간을 알려주시겠어요?
그렇군요. 그럼 8시 10분로 할게요.,인원도 알려주세요.
총 2명입니다.,알겠습니다. 목요일 오후 12시 30분 2명으로 예약 도와드리겠습니다.
네 맞아요. 감사합니다.,예약해주셔서 감사합니다.
예약,막창
막창,막창 예약 주문 시작
막창 예약 주문 시작,네 꼴두바우 입니다. 예약 도와드릴까요?
안녕하세요. 목요일 1시 40분로 식당 예약 가능한가요?,말하신 시간은 예약이 다 차서 어렵습니다. 다른 시간으로 예약 도와드릴까요?
그렇군요. 그럼 8시 10분로 바꿀게요.,"네, 인원을 알려주세요."
2명 입니다.,확인했습니다. 일요일 1시 40분 2명으로 예약했습니다.
네 맞습니다. 감사합니다.,예약 완료 되었습니다. 예약 해주셔서 감사합니다.
예약,막창
막창,막창 예약 주문 시작
막창 예약 주문 시작,안녕하세요. 무엇을 도와드릴까요?
아 여보세요. 혹시 토요일 2시 10분로 예약 가능한가요?,말하신 시간은 예약이 다 차서 어렵습니다. 다른 시간으로 예약 도와드릴까요?
그렇군요. 그럼 오후 12시 30분로 바꿀게요.,"네, 오후 12시 30분고, 인원은 어떻게 되실까요?"
2명 입니다.,네. 확인하번 부탁드립니다. 토요일 오후 2시 50분 2명 맞으실까요?
네 맞습니다. 감사합니다.,확인했습니다. 예약해주셔서 감사합니다.
예약,막창
막창,막창 예약 주문 시작
막창 예약 주문 시작,네. 무엇을 도와드릴까요?
아 여보세요. 목요일 5시 30분로 예약 가능한가요?,5시 30분는 이미 예약되어있습니다. 다른 시간을 알려주시겠어요?
그렇군요. 그럼 5시 30분로 할게요.,"5시 30분고, 인원을 알려주세요."
4명이에요.,네. 확인하번 부탁드립니다. 목요일 오후 1시 20분 4명 맞으실까요?
네 맞습니다.,확인했습니다. 예약해주셔서 감사합니다.
예약,막창
막창,막창 예약 주문 시작
막창 예약 주문 시작,안녕하세요. 꼴두바우 입니다. 무엇을 도와드릴까요?
수요일 오후 12시 30분로 예약하고 싶은데 가능할까요?,기다려 주셔서 감사합니다. 확인해 보니 해당 시간은 예약이 어렵습니다. 다른 시간으로 예약을 도와드릴까요?
그렇군요. 그럼 오후 1시 20분로 할게요.,"오후 1시 20분고, 인원을 알려주세요."
4명이요.,네. 확인하번 부탁드립니다. 목요일 8시 10분 4명 맞으실까요?
맞아요. 감사합니다.,네. 예약해주셔서 감사합니다.
예약,막창
막창,막창 예약 주문 시작
막창 예약 주문 시작,네 꼴두바우 입니다. 예약 도와드릴까요?
수요일에 오후 11시 10분 예약 가능한가요?,오후 11시 10분는 이미 예약되어있습니다. 다른 시간을 알려주시겠어요?
그럼 오후 12시 30분 가능할까요?,"네, 오후 12시 30분고, 인원은 어떻게 되실까요?"
2명이요.,확인했습니다. 일요일 5시 30분 2명으로 예약했습니다.
네 맞습니다.,확인했습니다. 예약해주셔서 감사합니다.
예약,막창
막창,막창 예약 주문 시작
막창 예약 주문 시작,네 꼴두바우 입니다. 예약 도와드릴까요?
여보세요. 수요일 오후 2시 50분로 예약 가능한가요?,오후 2시 50분는 이미 예약되어있습니다. 다른 시간을 알려주시겠어요?
그렇군요. 그럼 8시 10분로 할게요.,"네, 8시 10분고, 인원은 어떻게 되실까요?"
총 5명입니다.,네. 확인하번 부탁드립니다. 수요일 오후 12시 30분 5명 맞으실까요?
네 맞습니다. 감사합니다.,예약해주셔서 감사합니다.
예약,막창
막창,막창 예약 주문 시작
막창 예약 주문 시작,안녕하세요. 무엇을 도와드릴까요?
안녕하세요. 일요일 2시 10분로 식당 예약 가능한가요?,2시 10분는 이미 예약되어있습니다. 다른 시간을 알려주시겠어요?
그렇군요. 그럼 8시 10분로 바꿀게요.,네 알겠습니다. 인원을 알려주시겠어요?
4명이에요.,알겠습니다. 수요일 오후 11시 10분 4명으로 예약 도와드리겠습니다.
네 맞습니다.,네. 예약해주셔서 감사합니다.
예약,막창
막창,막창 예약 주문 시작
막창 예약 주문 시작,안녕하세요. 꼴두바우 입니다. 무엇을 도와드릴까요?
수요일 5시 30분 식당 예약 가능한가요?,기다려 주셔서 감사합니다. 확인해 보니 해당 시간은 예약이 어렵습니다. 다른 시간으로 예약을 도와드릴까요?
그럼 오후 2시 50분로 변경할게요.,"오후 2시 50분고, 인원을 알려주세요."
5명이에요.,확인했습니다. 목요일 오후 11시 10분 5명으로 예약했습니다.
네 맞아요. 감사합니다.,네. 예약해주셔서 감사합니다.
예약,막창
막창,막창 예약 주문 시작
막창 예약 주문 시작,안녕하세요 꼴두바우 입니다.
일요일 8시 10분로 예약을 하고 싶은데 가능할까요?,기다려 주셔서 감사합니다. 확인해 보니 해당 시간은 예약이 어렵습니다. 다른 시간으로 예약을 도와드릴까요?
그럼 2시 10분로 변경할게요.,"2시 10분고, 인원을 알려주세요."
5명이요.,확인했습니다. 일요일 오후 12시 30분 5명으로 예약했습니다.
맞아요. 감사합니다.,네. 예약해주셔서 감사합니다.
예약,막창
막창,막창 예약 주문 시작
막창 예약 주문 시작,네 꼴두바우 입니다. 예약 도와드릴까요?
여보세요. 목요일 오후 2시 50분로 혹시 예약 가능한가요?,기다려 주셔서 감사합니다. 확인해 보니 해당 시간은 예약이 어렵습니다. 다른 시간으로 예약을 도와드릴까요?
그럼 오후 12시 30분로 변경할게요.,"오후 12시 30분고, 인원을 알려주세요."
2명 입니다.,네. 확인하번 부탁드립니다. 토요일 2시 10분 2명 맞으실까요?
네 맞습니다.,네 감사합니다.
예약,막창
막창,막창 예약 주문 시작
막창 예약 주문 시작,안녕하세요. 꼴두바우 입니다. 무엇을 도와드릴까요?
여보세요. 일요일 1시 40분로 예약 하려는데 가능한가요?,1시 40분는 이미 예약되어있습니다. 다른 시간을 알려주시겠어요?
그럼 오후 2시 50분로 변경할게요.,"오후 2시 50분고, 인원을 알려주세요."
2명이에요.,네. 확인하번 부탁드립니다. 토요일 오후 12시 30분 2명 맞으실까요?
맞아요. 감사합니다.,확인했습니다. 예약해주셔서 감사합니다.
예약,막창
막창,막창 예약 주문 시작
막창 예약 주문 시작,네 꼴두바우 입니다. 예약 도와드릴까요?
아 여보세요. 일요일 5시 30분로 식당 예약 가능한가요?,말하신 시간은 예약이 다 차서 어렵습니다. 다른 시간으로 예약 도와드릴까요?
그렇군요. 그럼 오후 1시 20분로 할게요.,인원도 알려주세요.
4명 입니다.,확인했습니다. 목요일 8시 10분 4명으로 예약했습니다.
네 맞아요. 감사합니다.,예약 완료 되었습니다. 예약 해주셔서 감사합니다.
예약,막창
막창,막창 예약 주문 시작
막창 예약 주문 시작,네. 무엇을 도와드릴까요?
안녕하세요. 목요일 5시 30분로 식당 예약 하려고 하는데,말하신 시간은 예약이 다 차서 어렵습니다. 다른 시간으로 예약 도와드릴까요?
어. 혹시 5시 30분가 가능할까요?,인원도 알려주세요.
5명이요.,알겠습니다. 목요일 8시 10분 5명으로 예약 도와드리겠습니다.
맞아요. 감사합니다.,네. 예약해주셔서 감사합니다.
예약,막창
막창,막창 예약 주문 시작
막창 예약 주문 시작,안녕하세요 꼴두바우 입니다.
여보세요. 일요일 5시 30분로 식당 예약 가능한가요?,말하신 시간은 예약이 다 차서 어렵습니다. 다른 시간으로 예약 도와드릴까요?
그렇군요. 그럼 오후 11시 10분로 바꿀게요.,인원도 알려주세요.
4명이요.,네. 확인하번 부탁드립니다. 목요일 2시 10분 4명 맞으실까요?
네 맞습니다.,예약 완료 되었습니다. 예약 해주셔서 감사합니다.
예약,막창
막창,막창 예약 주문 시작
막창 예약 주문 시작,네. 무엇을 도와드릴까요?
목요일 오후 1시 20분 식당 예약 가능한가요?,기다려 주셔서 감사합니다. 확인해 보니 해당 시간은 예약이 어렵습니다. 다른 시간으로 예약을 도와드릴까요?
그럼 오후 2시 50분 가능할까요?,"네, 오후 2시 50분고, 인원은 어떻게 되실까요?"
4명 입니다.,알겠습니다. 수요일 2시 10분 4명으로 예약 도와드리겠습니다.
네 맞아요. 감사합니다.,네. 예약해주셔서 감사합니다.
예약,막창
막창,막창 예약 주문 시작
막창 예약 주문 시작,안녕하세요. 예약 도와드릴까요?
아 여보세요. 토요일 오후 11시 10분로 식당 예약 하려고 하는데 가능할가요?,말하신 시간은 예약이 다 차서 어렵습니다. 다른 시간으로 예약 도와드릴까요?
그럼 8시 10분 가능할까요?,"네, 인원을 알려주세요."
2명 입니다.,알겠습니다. 토요일 2시 10분 2명으로 예약 도와드리겠습니다.
맞아요. 감사합니다.,네. 예약해주셔서 감사합니다.
예약,막창
막창,막창 예약 주문 시작
막창 예약 주문 시작,네. 무엇을 도와드릴까요?
여보세요. 수요일 오후 2시 50분로 혹시 예약 가능한가요?,오후 2시 50분는 이미 예약되어있습니다. 다른 시간을 알려주시겠어요?
그렇군요. 그럼 2시 10분로 할게요.,네 알겠습니다. 인원을 알려주시겠어요?
5명이에요.,알겠습니다. 일요일 1시 40분 5명으로 예약 도와드리겠습니다.
맞아요. 감사합니다.,네. 예약해주셔서 감사합니다.
예약,막창
막창,막창 예약 주문 시작
막창 예약 주문 시작,안녕하세요. 무엇을 도와드릴까요?
혹시 수요일에 오후 2시 50분 예약 가능한가요?,오후 2시 50분는 이미 예약되어있습니다. 다른 시간을 알려주시겠어요?
그렇군요. 그럼 오후 11시 10분로 할게요.,네. 인원도 알려주세요.
4명 입니다.,확인했습니다. 일요일 오후 12시 30분 4명으로 예약했습니다.
맞아요. 감사합니다.,예약해주셔서 감사합니다.
예약,막창
막창,막창 예약 주문 시작
막창 예약 주문 시작,안녕하세요. 예약 도와드릴까요?
여보세요. 수요일 오후 1시 20분로 예약 가능한가요?,말하신 시간은 예약이 다 차서 어렵습니다. 다른 시간으로 예약 도와드릴까요?
그렇군요. 그럼 오후 12시 30분로 할게요.,"네, 오후 12시 30분고, 인원은 어떻게 되실까요?"
총 4명입니다.,확인했습니다. 토요일 오후 2시 50분 4명으로 예약했습니다.
네 맞습니다. 감사합니다.,네. 예약해주셔서 감사합니다.
예약,막창
막창,막창 예약 주문 시작
막창 예약 주문 시작,안녕하세요. 무엇을 도와드릴까요?
일요일 오후 2시 50분로 예약을 하고 싶은데 가능할까요?,말하신 시간은 예약이 다 차서 어렵습니다. 다른 시간으로 예약 도와드릴까요?
그럼 오후 1시 20분 가능할까요?,네. 인원도 알려주세요.
총 2명입니다.,네. 확인하번 부탁드립니다. 토요일 2시 10분 2명 맞으실까요?
네 맞습니다. 감사합니다.,네. 예약해주셔서 감사합니다.
예약,막창
막창,막창 예약 주문 시작
막창 예약 주문 시작,안녕하세요. 예약 도와드릴까요?
목요일 오후 12시 30분로 예약을 하고 싶은데 가능할까요?,"오후 12시 30분은 이미 예약되어있어, 다른 시간을 알려주시겠어요?"
그렇군요. 그럼 8시 10분로 바꿀게요.,네 알겠습니다. 인원을 알려주시겠어요?
5명 입니다.,네. 확인하번 부탁드립니다. 일요일 8시 10분 5명 맞으실까요?
네 맞습니다. 감사합니다.,확인했습니다. 예약해주셔서 감사합니다.
예약,막창
막창,막창 예약 주문 시작
막창 예약 주문 시작,네 꼴두바우 입니다. 예약 도와드릴까요?
아 여보세요. 수요일 오후 12시 30분로 식당 예약 가능한가요?,오후 12시 30분는 이미 예약되어있습니다. 다른 시간을 알려주시겠어요?
그럼 5시 30분 가능할까요?,네 알겠습니다. 인원을 알려주시겠어요?
5명이요.,알겠습니다. 토요일 오후 12시 30분 5명으로 예약 도와드리겠습니다.
네 맞아요. 감사합니다.,네 감사합니다.
예약,막창
막창,막창 예약 주문 시작
막창 예약 주문 시작,네 꼴두바우 입니다. 예약 도와드릴까요?
안녕하세요. 토요일 오후 11시 10분로 식당 예약 하려고 하는데,말하신 시간은 예약이 다 차서 어렵습니다. 다른 시간으로 예약 도와드릴까요?
그렇군요. 그럼 5시 30분로 바꿀게요.,"5시 30분고, 인원을 알려주세요."
5명 입니다.,알겠습니다. 수요일 5시 30분 5명으로 예약 도와드리겠습니다.
네 맞습니다. 감사합니다.,확인했습니다. 예약해주셔서 감사합니다.
예약,막창
막창,막창 예약 주문 시작
막창 예약 주문 시작,네. 무엇을 도와드릴까요?
목요일 오후 1시 20분 식당 예약 가능한가요?,말하신 시간은 예약이 다 차서 어렵습니다. 다른 시간으로 예약 도와드릴까요?
그럼 2시 10분로 변경할게요.,"2시 10분고, 인원을 알려주세요."
4명이에요.,네. 확인하번 부탁드립니다. 토요일 오후 2시 50분 4명 맞으실까요?
네 맞습니다. 감사합니다.,네 감사합니다.
예약,막창
막창,막창 예약 주문 시작
막창 예약 주문 시작,안녕하세요. 꼴두바우 입니다. 무엇을 도와드릴까요?
여보세요. 수요일 오후 2시 50분로 예약 가능한가요?,기다려 주셔서 감사합니다. 확인해 보니 해당 시간은 예약이 어렵습니다. 다른 시간으로 예약을 도와드릴까요?
오후 12시 30분로 바꿀게요.,네. 인원도 알려주세요.
총 4명입니다.,확인했습니다. 토요일 1시 40분 4명으로 예약했습니다.
네 맞습니다.,예약해주셔서 감사합니다.
예약,막창
막창,막창 예약 주문 시작
막창 예약 주문 시작,네. 무엇을 도와드릴까요?
아 여보세요. 일요일 오후 11시 10분로 식당 예약 가능한가요?,"오후 11시 10분은 이미 예약되어있어, 다른 시간을 알려주시겠어요?"
그렇군요. 그럼 8시 10분로 바꿀게요.,"네, 인원을 알려주세요."
5명이에요.,알겠습니다. 목요일 5시 30분 5명으로 예약 도와드리겠습니다.
맞아요. 감사합니다.,확인했습니다. 예약해주셔서 감사합니다.
예약,파스타
파스타,파스타 예약 주문 시작
파스타 예약 주문 시작,안녕하세요 상린 입니다.
아 여보세요. 일요일 1시 40분로 예약 하려는데 가능한가요?,말하신 시간은 예약이 다 차서 어렵습니다. 다른 시간으로 예약 도와드릴까요?
어. 혹시 오후 1시 20분가 가능할까요?,"네, 인원을 알려주세요."
4명이에요.,확인했습니다. 목요일 오후 2시 50분 4명으로 예약했습니다.
네 맞아요. 감사합니다.,네. 예약해주셔서 감사합니다.
예약,파스타
파스타,파스타 예약 주문 시작
파스타 예약 주문 시작,안녕하세요. 무엇을 도와드릴까요?
안녕하세요. 토요일 2시 10분로 식당 예약 가능한가요?,말하신 시간은 예약이 다 차서 어렵습니다. 다른 시간으로 예약 도와드릴까요?
그럼 오후 11시 10분 가능할까요?,네 알겠습니다. 인원을 알려주시겠어요?
총 2명입니다.,알겠습니다. 수요일 오후 2시 50분 2명으로 예약 도와드리겠습니다.
네 맞습니다.,예약 완료 되었습니다. 예약 해주셔서 감사합니다.
예약,파스타
파스타,파스타 예약 주문 시작
파스타 예약 주문 시작,안녕하세요. 상린 입니다. 무엇을 도와드릴까요?
안녕하세요. 수요일 오후 1시 20분로 예약 가능한가요?,"오후 1시 20분은 이미 예약되어있어, 다른 시간을 알려주시겠어요?"
그렇군요. 그럼 8시 10분로 바꿀게요.,인원도 알려주세요.
4명이에요.,확인했습니다. 토요일 오후 11시 10분 4명으로 예약했습니다.
맞아요. 감사합니다.,예약 완료 되었습니다. 예약 해주셔서 감사합니다.
예약,파스타
파스타,파스타 예약 주문 시작
파스타 예약 주문 시작,네 상린 입니다. 예약 도와드릴까요?
수요일 오후 1시 20분로 예약 하려구요.,말하신 시간은 예약이 다 차서 어렵습니다. 다른 시간으로 예약 도와드릴까요?
그럼 오후 12시 30분 가능할까요?,네. 인원도 알려주세요.
5명 입니다.,네. 확인하번 부탁드립니다. 수요일 오후 2시 50분 5명 맞으실까요?
맞아요. 감사합니다.,예약해주셔서 감사합니다.
예약,파스타
파스타,파스타 예약 주문 시작
파스타 예약 주문 시작,네 상린 입니다. 예약 도와드릴까요?
여보세요. 토요일 오후 11시 10분로 식당 예약 하려고 하는데 가능할가요?,말하신 시간은 예약이 다 차서 어렵습니다. 다른 시간으로 예약 도와드릴까요?
그럼 오후 12시 30분로 변경할게요.,인원도 알려주세요.
총 4명입니다.,확인했습니다. 일요일 오후 2시 50분 4명으로 예약했습니다.
네 맞습니다. 감사합니다.,예약해주셔서 감사합니다.
예약,파스타
파스타,파스타 예약 주문 시작
파스타 예약 주문 시작,안녕하세요. 예약 도와드릴까요?
아 여보세요. 일요일 1시 40분로 식당 예약 가능한가요?,말하신 시간은 예약이 다 차서 어렵습니다. 다른 시간으로 예약 도와드릴까요?
그럼 5시 30분로 변경할게요.,네. 인원도 알려주세요.
5명 입니다.,네. 확인하번 부탁드립니다. 토요일 오후 11시 10분 5명 맞으실까요?
네 맞습니다. 감사합니다.,네 감사합니다.
예약,파스타
파스타,파스타 예약 주문 시작
파스타 예약 주문 시작,안녕하세요. 무엇을 도와드릴까요?
아 여보세요. 토요일 오후 1시 20분로 예약 하려는데 가능한가요?,오후 1시 20분는 이미 예약되어있습니다. 다른 시간을 알려주시겠어요?
어. 혹시 8시 10분가 가능할까요?,"네, 8시 10분고, 인원은 어떻게 되실까요?"
4명이요.,확인했습니다. 목요일 오후 12시 30분 4명으로 예약했습니다.
맞아요. 감사합니다.,확인했습니다. 예약해주셔서 감사합니다.
예약,파스타
파스타,파스타 예약 주문 시작
파스타 예약 주문 시작,네 상린 입니다. 예약 도와드릴까요?
수요일 8시 10분로 예약 가능할까요?,기다려 주셔서 감사합니다. 확인해 보니 해당 시간은 예약이 어렵습니다. 다른 시간으로 예약을 도와드릴까요?
2시 10분로 바꿀게요.,"네, 인원을 알려주세요."
4명이에요.,알겠습니다. 일요일 8시 10분 4명으로 예약 도와드리겠습니다.
네 맞습니다. 감사합니다.,네. 예약해주셔서 감사합니다.
예약,파스타
파스타,파스타 예약 주문 시작
파스타 예약 주문 시작,네. 무엇을 도와드릴까요?
여보세요. 토요일 오후 11시 10분로 식당 예약 가능한가요?,"오후 11시 10분은 이미 예약되어있어, 다른 시간을 알려주시겠어요?"
그렇군요. 그럼 오후 11시 10분로 바꿀게요.,네 알겠습니다. 인원을 알려주시겠어요?
2명이에요.,네. 확인하번 부탁드립니다. 목요일 8시 10분 2명 맞으실까요?
맞아요. 감사합니다.,예약 완료 되었습니다. 예약 해주셔서 감사합니다.
예약,파스타
파스타,파스타 예약 주문 시작
파스타 예약 주문 시작,안녕하세요. 상린 입니다. 무엇을 도와드릴까요?
여보세요. 토요일 2시 10분로 예약 하려는데 가능한가요?,2시 10분는 이미 예약되어있습니다. 다른 시간을 알려주시겠어요?
그럼 오후 1시 20분로 변경할게요.,"네, 인원을 알려주세요."
5명이에요.,확인했습니다. 일요일 2시 10분 5명으로 예약했습니다.
네 맞습니다. 감사합니다.,예약해주셔서 감사합니다.
예약,파스타
파스타,파스타 예약 주문 시작
파스타 예약 주문 시작,안녕하세요 상린 입니다.
아 여보세요. 수요일 오후 12시 30분로 예약 가능한가요?,"오후 12시 30분은 이미 예약되어있어, 다른 시간을 알려주시겠어요?"
그럼 1시 40분 가능할까요?,네. 인원도 알려주세요.
2명 입니다.,네. 확인하번 부탁드립니다. 토요일 오후 12시 30분 2명 맞으실까요?
네 맞습니다.,네 감사합니다.
예약,파스타
파스타,파스타 예약 주문 시작
파스타 예약 주문 시작,네. 무엇을 도와드릴까요?
안녕하세요. 토요일 오후 12시 30분로 식당 예약 가능한가요?,오후 12시 30분는 이미 예약되어있습니다. 다른 시간을 알려주시겠어요?
그럼 2시 10분로 변경할게요.,인원도 알려주세요.
4명이요.,알겠습니다. 수요일 2시 10분 4명으로 예약 도와드리겠습니다.
맞아요. 감사합니다.,예약해주셔서 감사합니다.
예약,파스타
파스타,파스타 예약 주문 시작
파스타 예약 주문 시작,네 상린 입니다. 예약 도와드릴까요?
여보세요. 목요일 2시 10분로 혹시 예약 가능한가요?,2시 10분는 이미 예약되어있습니다. 다른 시간을 알려주시겠어요?
그럼 5시 30분 가능할까요?,"5시 30분고, 인원을 알려주세요."
총 5명입니다.,네. 확인하번 부탁드립니다. 목요일 5시 30분 5명 맞으실까요?
네 맞습니다. 감사합니다.,확인했습니다. 예약해주셔서 감사합니다.
예약,파스타
파스타,파스타 예약 주문 시작
파스타 예약 주문 시작,안녕하세요 상린 입니다.
안녕하세요. 목요일 1시 40분로 예약 가능한가요?,기다려 주셔서 감사합니다. 확인해 보니 해당 시간은 예약이 어렵습니다. 다른 시간으로 예약을 도와드릴까요?
1시 40분로 바꿀게요.,네 알겠습니다. 인원을 알려주시겠어요?
2명이에요.,알겠습니다. 일요일 오후 12시 30분 2명으로 예약 도와드리겠습니다.
네 맞아요. 감사합니다.,확인했습니다. 예약해주셔서 감사합니다.
예약,파스타
파스타,파스타 예약 주문 시작
파스타 예약 주문 시작,네 상린 입니다. 예약 도와드릴까요?
목요일 오후 12시 30분 식당 예약 가능한가요?,오후 12시 30분는 이미 예약되어있습니다. 다른 시간을 알려주시겠어요?
오후 2시 50분로 바꿀게요.,"네, 오후 2시 50분고, 인원은 어떻게 되실까요?"
4명이에요.,확인했습니다. 수요일 오후 11시 10분 4명으로 예약했습니다.
네 맞습니다. 감사합니다.,예약 완료 되었습니다. 예약 해주셔서 감사합니다.
예약,파스타
파스타,파스타 예약 주문 시작
파스타 예약 주문 시작,안녕하세요. 무엇을 도와드릴까요?
아 여보세요. 목요일 오후 2시 50분로 예약 가능한가요?,"오후 2시 50분은 이미 예약되어있어, 다른 시간을 알려주시겠어요?"
5시 30분로 바꿀게요.,"네, 인원을 알려주세요."
총 2명입니다.,네. 확인하번 부탁드립니다. 수요일 오후 12시 30분 2명 맞으실까요?
네 맞아요. 감사합니다.,네. 예약해주셔서 감사합니다.
예약,파스타
파스타,파스타 예약 주문 시작
파스타 예약 주문 시작,안녕하세요. 예약 도와드릴까요?
아 여보세요. 목요일 8시 10분로 예약 가능한가요?,"8시 10분은 이미 예약되어있어, 다른 시간을 알려주시겠어요?"
그렇군요. 그럼 오후 2시 50분로 할게요.,인원도 알려주세요.
4명이에요.,네. 확인하번 부탁드립니다. 토요일 1시 40분 4명 맞으실까요?
맞아요. 감사합니다.,확인했습니다. 예약해주셔서 감사합니다.
예약,파스타
파스타,파스타 예약 주문 시작
파스타 예약 주문 시작,안녕하세요 상린 입니다.
여보세요. 토요일 2시 10분로 예약 가능한가요?,기다려 주셔서 감사합니다. 확인해 보니 해당 시간은 예약이 어렵습니다. 다른 시간으로 예약을 도와드릴까요?
8시 10분로 바꿀게요.,"8시 10분고, 인원을 알려주세요."
2명 입니다.,확인했습니다. 일요일 2시 10분 2명으로 예약했습니다.
네 맞습니다.,네 감사합니다.
예약,파스타
파스타,파스타 예약 주문 시작
파스타 예약 주문 시작,안녕하세요. 예약 도와드릴까요?
아 여보세요. 혹시 일요일 오후 12시 30분로 예약 가능한가요?,기다려 주셔서 감사합니다. 확인해 보니 해당 시간은 예약이 어렵습니다. 다른 시간으로 예약을 도와드릴까요?
그럼 오후 11시 10분 가능할까요?,"오후 11시 10분고, 인원을 알려주세요."
5명이요.,알겠습니다. 일요일 8시 10분 5명으로 예약 도와드리겠습니다.
네 맞아요. 감사합니다.,예약 완료 되었습니다. 예약 해주셔서 감사합니다.
예약,파스타
파스타,파스타 예약 주문 시작
파스타 예약 주문 시작,안녕하세요. 무엇을 도와드릴까요?
수요일 오후 11시 10분로 예약하고 싶은데 가능할까요?,기다려 주셔서 감사합니다. 확인해 보니 해당 시간은 예약이 어렵습니다. 다른 시간으로 예약을 도와드릴까요?
어. 혹시 오후 12시 30분가 가능할까요?,"네, 오후 12시 30분고, 인원은 어떻게 되실까요?"
5명이요.,알겠습니다. 목요일 1시 40분 5명으로 예약 도와드리겠습니다.
네 맞습니다. 감사합니다.,예약 완료 되었습니다. 예약 해주셔서 감사합니다.
예약,파스타
파스타,파스타 예약 주문 시작
파스타 예약 주문 시작,네. 무엇을 도와드릴까요?
아 여보세요. 목요일 오후 2시 50분로 예약 하려는데 가능한가요?,오후 2시 50분는 이미 예약되어있습니다. 다른 시간을 알려주시겠어요?
그렇군요. 그럼 오후 1시 20분로 할게요.,인원도 알려주세요.
2명 입니다.,알겠습니다. 일요일 2시 10분 2명으로 예약 도와드리겠습니다.
네 맞습니다.,네. 예약해주셔서 감사합니다.
예약,파스타
파스타,파스타 예약 주문 시작
파스타 예약 주문 시작,안녕하세요. 상린 입니다. 무엇을 도와드릴까요?
토요일 오후 1시 20분로 예약 하려구요.,"오후 1시 20분은 이미 예약되어있어, 다른 시간을 알려주시겠어요?"
그럼 오후 2시 50분로 변경할게요.,인원도 알려주세요.
총 2명입니다.,알겠습니다. 일요일 오후 11시 10분 2명으로 예약 도와드리겠습니다.
네 맞아요. 감사합니다.,네 감사합니다.
예약,파스타
파스타,파스타 예약 주문 시작
파스타 예약 주문 시작,네 상린 입니다. 예약 도와드릴까요?
아 여보세요. 토요일 오후 11시 10분로 식당 예약 하려고 하는데 가능할가요?,오후 11시 10분는 이미 예약되어있습니다. 다른 시간을 알려주시겠어요?
오후 2시 50분로 바꿀게요.,"네, 인원을 알려주세요."
2명이요.,알겠습니다. 목요일 1시 40분 2명으로 예약 도와드리겠습니다.
맞아요. 감사합니다.,확인했습니다. 예약해주셔서 감사합니다.
예약,파스타
파스타,파스타 예약 주문 시작
파스타 예약 주문 시작,안녕하세요 상린 입니다.
아 여보세요. 혹시 일요일 8시 10분로 예약 가능한가요?,8시 10분는 이미 예약되어있습니다. 다른 시간을 알려주시겠어요?
그렇군요. 그럼 오후 11시 10분로 할게요.,인원도 알려주세요.
총 4명입니다.,알겠습니다. 일요일 오후 1시 20분 4명으로 예약 도와드리겠습니다.
네 맞아요. 감사합니다.,예약해주셔서 감사합니다.
예약,파스타
파스타,파스타 예약 주문 시작
파스타 예약 주문 시작,네 상린 입니다. 예약 도와드릴까요?
안녕하세요. 목요일 1시 40분로 식당 예약 가능한가요?,말하신 시간은 예약이 다 차서 어렵습니다. 다른 시간으로 예약 도와드릴까요?
그렇군요. 그럼 5시 30분로 바꿀게요.,"네, 인원을 알려주세요."
5명 입니다.,확인했습니다. 토요일 오후 11시 10분 5명으로 예약했습니다.
네 맞습니다. 감사합니다.,예약 완료 되었습니다. 예약 해주셔서 감사합니다.
예약,파스타
파스타,파스타 예약 주문 시작
파스타 예약 주문 시작,안녕하세요. 무엇을 도와드릴까요?
아 여보세요. 혹시 수요일 8시 10분로 예약 가능한가요?,말하신 시간은 예약이 다 차서 어렵습니다. 다른 시간으로 예약 도와드릴까요?
그렇군요. 그럼 2시 10분로 바꿀게요.,"네, 2시 10분고, 인원은 어떻게 되실까요?"
5명 입니다.,네. 확인하번 부탁드립니다. 목요일 오후 1시 20분 5명 맞으실까요?
네 맞습니다. 감사합니다.,확인했습니다. 예약해주셔서 감사합니다.
예약,파스타
파스타,파스타 예약 주문 시작
파스타 예약 주문 시작,네. 무엇을 도와드릴까요?
아 여보세요. 일요일 1시 40분로 예약 가능한가요?,1시 40분는 이미 예약되어있습니다. 다른 시간을 알려주시겠어요?
그렇군요. 그럼 오후 12시 30분로 할게요.,"오후 12시 30분고, 인원을 알려주세요."
5명이에요.,네. 확인하번 부탁드립니다. 목요일 오후 1시 20분 5명 맞으실까요?
네 맞습니다.,확인했습니다. 예약해주셔서 감사합니다.
예약,파스타
파스타,파스타 예약 주문 시작
파스타 예약 주문 시작,안녕하세요. 상린 입니다. 무엇을 도와드릴까요?
토요일 5시 30분로 예약하고 싶은데 가능할까요?,기다려 주셔서 감사합니다. 확인해 보니 해당 시간은 예약이 어렵습니다. 다른 시간으로 예약을 도와드릴까요?
그렇군요. 그럼 오후 2시 50분로 할게요.,"오후 2시 50분고, 인원을 알려주세요."
2명이요.,네. 확인하번 부탁드립니다. 일요일 8시 10분 2명 맞으실까요?
맞아요. 감사합니다.,네. 예약해주셔서 감사합니다.
예약,파스타
파스타,파스타 예약 주문 시작
파스타 예약 주문 시작,네 상린 입니다. 예약 도와드릴까요?
일요일에 오후 2시 50분 예약 가능한가요?,오후 2시 50분는 이미 예약되어있습니다. 다른 시간을 알려주시겠어요?
그럼 오후 1시 20분 가능할까요?,"네, 오후 1시 20분고, 인원은 어떻게 되실까요?"
5명이요.,확인했습니다. 일요일 2시 10분 5명으로 예약했습니다.
네 맞습니다.,확인했습니다. 예약해주셔서 감사합니다.
예약,파스타
파스타,파스타 예약 주문 시작
파스타 예약 주문 시작,네 상린 입니다. 예약 도와드릴까요?
여보세요. 일요일 2시 10분로 예약 가능한가요?,2시 10분는 이미 예약되어있습니다. 다른 시간을 알려주시겠어요?
그렇군요. 그럼 1시 40분로 할게요.,"네, 1시 40분고, 인원은 어떻게 되실까요?"
총 4명입니다.,네. 확인하번 부탁드립니다. 일요일 오후 2시 50분 4명 맞으실까요?
네 맞습니다. 감사합니다.,예약해주셔서 감사합니다.
예약,파스타
파스타,파스타 예약 주문 시작
파스타 예약 주문 시작,안녕하세요. 무엇을 도와드릴까요?
안녕하세요. 수요일 2시 10분로 식당 예약 가능한가요?,2시 10분는 이미 예약되어있습니다. 다른 시간을 알려주시겠어요?
그렇군요. 그럼 2시 10분로 바꿀게요.,네 알겠습니다. 인원을 알려주시겠어요?
2명이에요.,알겠습니다. 토요일 1시 40분 2명으로 예약 도와드리겠습니다.
네 맞습니다.,네. 예약해주셔서 감사합니다.
예약,파스타
파스타,파스타 예약 주문 시작
파스타 예약 주문 시작,안녕하세요. 상린 입니다. 무엇을 도와드릴까요?
일요일 오후 12시 30분 식당 예약 가능한가요?,기다려 주셔서 감사합니다. 확인해 보니 해당 시간은 예약이 어렵습니다. 다른 시간으로 예약을 도와드릴까요?
그럼 오후 11시 10분로 변경할게요.,"오후 11시 10분고, 인원을 알려주세요."
4명이에요.,확인했습니다. 목요일 1시 40분 4명으로 예약했습니다.
네 맞아요. 감사합니다.,네. 예약해주셔서 감사합니다.
예약,파스타
파스타,파스타 예약 주문 시작
파스타 예약 주문 시작,안녕하세요 상린 입니다.
일요일 오후 11시 10분로 예약을 하고 싶은데 가능할까요?,기다려 주셔서 감사합니다. 확인해 보니 해당 시간은 예약이 어렵습니다. 다른 시간으로 예약을 도와드릴까요?
그럼 1시 40분로 변경할게요.,"1시 40분고, 인원을 알려주세요."
5명이요.,확인했습니다. 토요일 1시 40분 5명으로 예약했습니다.
맞아요. 감사합니다.,네. 예약해주셔서 감사합니다.
예약,파스타
파스타,파스타 예약 주문 시작
파스타 예약 주문 시작,네 상린 입니다. 예약 도와드릴까요?
여보세요. 일요일 오후 1시 20분로 혹시 예약 가능한가요?,기다려 주셔서 감사합니다. 확인해 보니 해당 시간은 예약이 어렵습니다. 다른 시간으로 예약을 도와드릴까요?
그럼 오후 12시 30분로 변경할게요.,"오후 12시 30분고, 인원을 알려주세요."
5명 입니다.,네. 확인하번 부탁드립니다. 토요일 8시 10분 5명 맞으실까요?
네 맞습니다.,네 감사합니다.
예약,파스타
파스타,파스타 예약 주문 시작
파스타 예약 주문 시작,안녕하세요. 상린 입니다. 무엇을 도와드릴까요?
여보세요. 수요일 5시 30분로 예약 하려는데 가능한가요?,5시 30분는 이미 예약되어있습니다. 다른 시간을 알려주시겠어요?
그럼 오후 12시 30분로 변경할게요.,"오후 12시 30분고, 인원을 알려주세요."
4명이에요.,네. 확인하번 부탁드립니다. 토요일 5시 30분 4명 맞으실까요?
맞아요. 감사합니다.,확인했습니다. 예약해주셔서 감사합니다.
예약,파스타
파스타,파스타 예약 주문 시작
파스타 예약 주문 시작,네 상린 입니다. 예약 도와드릴까요?
아 여보세요. 토요일 2시 10분로 식당 예약 가능한가요?,말하신 시간은 예약이 다 차서 어렵습니다. 다른 시간으로 예약 도와드릴까요?
그렇군요. 그럼 오후 11시 10분로 할게요.,인원도 알려주세요.
2명 입니다.,확인했습니다. 토요일 오후 1시 20분 2명으로 예약했습니다.
네 맞아요. 감사합니다.,예약 완료 되었습니다. 예약 해주셔서 감사합니다.
예약,파스타
파스타,파스타 예약 주문 시작
파스타 예약 주문 시작,네. 무엇을 도와드릴까요?
안녕하세요. 일요일 오후 11시 10분로 식당 예약 하려고 하는데,말하신 시간은 예약이 다 차서 어렵습니다. 다른 시간으로 예약 도와드릴까요?
어. 혹시 오후 1시 20분가 가능할까요?,인원도 알려주세요.
4명이요.,알겠습니다. 일요일 5시 30분 4명으로 예약 도와드리겠습니다.
맞아요. 감사합니다.,네. 예약해주셔서 감사합니다.
예약,파스타
파스타,파스타 예약 주문 시작
파스타 예약 주문 시작,안녕하세요 상린 입니다.
여보세요. 수요일 오후 11시 10분로 식당 예약 가능한가요?,말하신 시간은 예약이 다 차서 어렵습니다. 다른 시간으로 예약 도와드릴까요?
그렇군요. 그럼 오후 1시 20분로 바꿀게요.,인원도 알려주세요.
2명이요.,네. 확인하번 부탁드립니다. 토요일 오후 1시 20분 2명 맞으실까요?
네 맞습니다.,예약 완료 되었습니다. 예약 해주셔서 감사합니다.
예약,파스타
파스타,파스타 예약 주문 시작
파스타 예약 주문 시작,네. 무엇을 도와드릴까요?
수요일 1시 40분 식당 예약 가능한가요?,기다려 주셔서 감사합니다. 확인해 보니 해당 시간은 예약이 어렵습니다. 다른 시간으로 예약을 도와드릴까요?
그럼 2시 10분 가능할까요?,"네, 2시 10분고, 인원은 어떻게 되실까요?"
4명 입니다.,알겠습니다. 목요일 1시 40분 4명으로 예약 도와드리겠습니다.
네 맞아요. 감사합니다.,네. 예약해주셔서 감사합니다.
예약,파스타
파스타,파스타 예약 주문 시작
파스타 예약 주문 시작,안녕하세요. 예약 도와드릴까요?
아 여보세요. 토요일 오후 11시 10분로 식당 예약 하려고 하는데 가능할가요?,말하신 시간은 예약이 다 차서 어렵습니다. 다른 시간으로 예약 도와드릴까요?
그럼 1시 40분 가능할까요?,"네, 인원을 알려주세요."
2명 입니다.,알겠습니다. 토요일 1시 40분 2명으로 예약 도와드리겠습니다.
맞아요. 감사합니다.,네. 예약해주셔서 감사합니다.
예약,파스타
파스타,파스타 예약 주문 시작
파스타 예약 주문 시작,네. 무엇을 도와드릴까요?
여보세요. 목요일 오후 1시 20분로 혹시 예약 가능한가요?,오후 1시 20분는 이미 예약되어있습니다. 다른 시간을 알려주시겠어요?
그렇군요. 그럼 1시 40분로 할게요.,네 알겠습니다. 인원을 알려주시겠어요?
2명이에요.,알겠습니다. 일요일 8시 10분 2명으로 예약 도와드리겠습니다.
맞아요. 감사합니다.,네. 예약해주셔서 감사합니다.
예약,파스타
파스타,파스타 예약 주문 시작
파스타 예약 주문 시작,안녕하세요. 무엇을 도와드릴까요?
혹시 목요일에 오후 2시 50분 예약 가능한가요?,오후 2시 50분는 이미 예약되어있습니다. 다른 시간을 알려주시겠어요?
그렇군요. 그럼 8시 10분로 할게요.,네. 인원도 알려주세요.
5명 입니다.,확인했습니다. 수요일 1시 40분 5명으로 예약했습니다.
맞아요. 감사합니다.,예약해주셔서 감사합니다.
예약,파스타
파스타,파스타 예약 주문 시작
파스타 예약 주문 시작,안녕하세요. 예약 도와드릴까요?
여보세요. 목요일 2시 10분로 예약 가능한가요?,말하신 시간은 예약이 다 차서 어렵습니다. 다른 시간으로 예약 도와드릴까요?
그렇군요. 그럼 오후 12시 30분로 할게요.,"네, 오후 12시 30분고, 인원은 어떻게 되실까요?"
총 2명입니다.,확인했습니다. 일요일 오후 11시 10분 2명으로 예약했습니다.
네 맞습니다. 감사합니다.,네. 예약해주셔서 감사합니다.
예약,파스타
파스타,파스타 예약 주문 시작
파스타 예약 주문 시작,안녕하세요. 무엇을 도와드릴까요?
수요일 오후 12시 30분로 예약을 하고 싶은데 가능할까요?,말하신 시간은 예약이 다 차서 어렵습니다. 다른 시간으로 예약 도와드릴까요?
그럼 오후 2시 50분 가능할까요?,네. 인원도 알려주세요.
총 4명입니다.,네. 확인하번 부탁드립니다. 토요일 2시 10분 4명 맞으실까요?
네 맞습니다. 감사합니다.,네. 예약해주셔서 감사합니다.
예약,파스타
파스타,파스타 예약 주문 시작
파스타 예약 주문 시작,안녕하세요. 예약 도와드릴까요?
토요일 오후 1시 20분로 예약을 하고 싶은데 가능할까요?,"오후 1시 20분은 이미 예약되어있어, 다른 시간을 알려주시겠어요?"
그렇군요. 그럼 1시 40분로 바꿀게요.,네 알겠습니다. 인원을 알려주시겠어요?
2명 입니다.,네. 확인하번 부탁드립니다. 목요일 오후 1시 20분 2명 맞으실까요?
네 맞습니다. 감사합니다.,확인했습니다. 예약해주셔서 감사합니다.
예약,파스타
파스타,파스타 예약 주문 시작
파스타 예약 주문 시작,네 상린 입니다. 예약 도와드릴까요?
아 여보세요. 목요일 오후 12시 30분로 식당 예약 가능한가요?,오후 12시 30분는 이미 예약되어있습니다. 다른 시간을 알려주시겠어요?
그럼 8시 10분 가능할까요?,네 알겠습니다. 인원을 알려주시겠어요?
5명이요.,알겠습니다. 목요일 오후 1시 20분 5명으로 예약 도와드리겠습니다.
네 맞아요. 감사합니다.,네 감사합니다.
예약,파스타
파스타,파스타 예약 주문 시작
파스타 예약 주문 시작,네 상린 입니다. 예약 도와드릴까요?
안녕하세요. 일요일 오후 1시 20분로 식당 예약 하려고 하는데,말하신 시간은 예약이 다 차서 어렵습니다. 다른 시간으로 예약 도와드릴까요?
그렇군요. 그럼 2시 10분로 바꿀게요.,"2시 10분고, 인원을 알려주세요."
5명 입니다.,알겠습니다. 수요일 오후 2시 50분 5명으로 예약 도와드리겠습니다.
네 맞습니다. 감사합니다.,확인했습니다. 예약해주셔서 감사합니다.
예약,파스타
파스타,파스타 예약 주문 시작
파스타 예약 주문 시작,네. 무엇을 도와드릴까요?
목요일 5시 30분 식당 예약 가능한가요?,말하신 시간은 예약이 다 차서 어렵습니다. 다른 시간으로 예약 도와드릴까요?
그럼 오후 1시 20분로 변경할게요.,"오후 1시 20분고, 인원을 알려주세요."
5명이에요.,네. 확인하번 부탁드립니다. 목요일 5시 30분 5명 맞으실까요?
네 맞습니다. 감사합니다.,네 감사합니다.
예약,파스타
파스타,파스타 예약 주문 시작
파스타 예약 주문 시작,안녕하세요. 상린 입니다. 무엇을 도와드릴까요?
여보세요. 목요일 2시 10분로 예약 가능한가요?,기다려 주셔서 감사합니다. 확인해 보니 해당 시간은 예약이 어렵습니다. 다른 시간으로 예약을 도와드릴까요?
오후 1시 20분로 바꿀게요.,네. 인원도 알려주세요.
총 2명입니다.,확인했습니다. 토요일 1시 40분 2명으로 예약했습니다.
네 맞습니다.,예약해주셔서 감사합니다.
예약,파스타
파스타,파스타 예약 주문 시작
파스타 예약 주문 시작,네. 무엇을 도와드릴까요?
아 여보세요. 토요일 오후 11시 10분로 식당 예약 가능한가요?,"오후 11시 10분은 이미 예약되어있어, 다른 시간을 알려주시겠어요?"
그렇군요. 그럼 오후 1시 20분로 바꿀게요.,"네, 인원을 알려주세요."
5명이에요.,알겠습니다. 토요일 8시 10분 5명으로 예약 도와드리겠습니다.
맞아요. 감사합니다.,확인했습니다. 예약해주셔서 감사합니다.
