menu,m_cate,m_detail
짜장면,짜장면,main
짬뽕,짜장면,main
탕수육,짜장면,main
마파두부,짜장면,main
볶음밥,짜장면,main
멘보샤,짜장면,main
짬짜면,짜장면,main
탕짜면,짜장면,main
탕짬면,짜장면,main
탕볶밥,짜장면,main
"짜장면,탕수육",짜장면,main
"짬뽕,탕수육",짜장면,main
단무지,짜장면,side
후라이드치킨,치킨,main
양념치킨,치킨,main
후라이드양념 반반,치킨,main
콜라,치킨,side
맥주,치킨,side
치킨무,치킨,side
무,치킨,side
양념소스,치킨,side
소금,치킨,side
불고기버거,햄버거,main
새우버거,햄버거,main
치즈버거,햄버거,main
불고기버거세트,햄버거,main
새우버거세트,햄버거,main
치즈버거세트,햄버거,main
감자튀김,햄버거,side
치즈스틱,햄버거,side
치킨너겟,햄버거,side
콜라,햄버거,side
제로콜라,햄버거,side
사이다,햄버거,side
케챱,햄버거,side
삼겹살,고기,main
목살,고기,main
살치살,고기,main
된장찌개,고기,main
김치찌개,고기,main
쌈장,고기,side
소금장,고기,side
김치,고기,side
버섯,고기,side
밥,고기,side
쌈채소,고기,side
아메리카노,카페,main
카페라떼,카페,main
녹차라떼,카페,main
고구마라떼,카페,main
밀크티,카페,main
치즈케익,카페,side
초코케익,카페,side
와플,카페,side
돈까스,일식,main
치즈돈까스,일식,main
치즈고구마돈까스,일식,main
우동,일식,main
돈까스우동,일식,main
돈까스덮밥,일식,main
새우튀김덮밥,일식,main
장국,일식,side
단무지,일식,side
떡볶이,분식,main
로제떡볶이,분식,main
매운떡볶이,분식,main
고구마튀김,분식,side
오징어튀김,분식,side
김말이튀김,분식,side
어묵튀김,분식,side
순대,분식,side
단무지,분식,side
된장찌개,한식,main
김치찌개,한식,main
순대국,한식,main
감자탕,한식,main
밥,한식,side
반찬,한식,side
계란말이,한식,side
계란후라이,한식,side
불고기피자 미디엄,피자,main
새우피자 미디엄,피자,main
고구마피자 미디엄,피자,main
페퍼로니피자 미디엄,피자,main
불고기피자 라지,피자,main
새우피자 라지,피자,main
고구마피자 라지,피자,main
페퍼로니피자 라지,피자,main
피클,피자,side
치즈갈릭소스,피자,side
핫소스,피자,side
토마토스파게티,파스타,main
알리오올리오,파스타,main
로제스파게티,파스타,main
크림스파게티,파스타,main
감바스,파스타,main
피클,파스타,side
